-- MySQL dump 10.13  Distrib 8.0.32, for Linux (x86_64)
--
-- Host: localhost    Database: hashmicro
-- ------------------------------------------------------
-- Server version	8.0.32-0ubuntu0.22.04.2

/*!40101 SET @OLD_CHARACTER_SET_CLIENT=@@CHARACTER_SET_CLIENT */;
/*!40101 SET @OLD_CHARACTER_SET_RESULTS=@@CHARACTER_SET_RESULTS */;
/*!40101 SET @OLD_COLLATION_CONNECTION=@@COLLATION_CONNECTION */;
/*!50503 SET NAMES utf8mb4 */;
/*!40103 SET @OLD_TIME_ZONE=@@TIME_ZONE */;
/*!40103 SET TIME_ZONE='+00:00' */;
/*!40014 SET @OLD_UNIQUE_CHECKS=@@UNIQUE_CHECKS, UNIQUE_CHECKS=0 */;
/*!40014 SET @OLD_FOREIGN_KEY_CHECKS=@@FOREIGN_KEY_CHECKS, FOREIGN_KEY_CHECKS=0 */;
/*!40101 SET @OLD_SQL_MODE=@@SQL_MODE, SQL_MODE='NO_AUTO_VALUE_ON_ZERO' */;
/*!40111 SET @OLD_SQL_NOTES=@@SQL_NOTES, SQL_NOTES=0 */;

--
-- Table structure for table `comments`
--

DROP TABLE IF EXISTS `comments`;
/*!40101 SET @saved_cs_client     = @@character_set_client */;
/*!50503 SET character_set_client = utf8mb4 */;
CREATE TABLE `comments` (
  `id` bigint unsigned NOT NULL AUTO_INCREMENT,
  `content` text COLLATE utf8mb4_unicode_ci NOT NULL,
  `created_at` timestamp NULL DEFAULT NULL,
  `updated_at` timestamp NULL DEFAULT NULL,
  `user_id` bigint unsigned NOT NULL,
  `post_id` bigint unsigned NOT NULL,
  PRIMARY KEY (`id`),
  KEY `comments_user_id_index` (`user_id`),
  KEY `comments_post_id_index` (`post_id`),
  CONSTRAINT `comments_post_id_foreign` FOREIGN KEY (`post_id`) REFERENCES `posts` (`id`) ON DELETE CASCADE,
  CONSTRAINT `comments_user_id_foreign` FOREIGN KEY (`user_id`) REFERENCES `users` (`id`) ON DELETE CASCADE
) ENGINE=InnoDB AUTO_INCREMENT=101 DEFAULT CHARSET=utf8mb4 COLLATE=utf8mb4_unicode_ci;
/*!40101 SET character_set_client = @saved_cs_client */;

--
-- Dumping data for table `comments`
--

LOCK TABLES `comments` WRITE;
/*!40000 ALTER TABLE `comments` DISABLE KEYS */;
INSERT INTO `comments` VALUES (1,'Vel aperiam numquam ut enim optio architecto. Maiores pariatur eum enim molestiae laborum. Officiis asperiores eos libero ab.','2023-03-17 16:27:27','2023-03-17 16:27:27',18,11),(2,'Distinctio quos et corrupti esse repellat iste id nihil. Porro deserunt officia architecto suscipit odio excepturi. Veritatis sint minima temporibus dolor voluptatem qui eum voluptatem.','2023-03-17 16:27:27','2023-03-17 16:27:27',27,38),(3,'Itaque corporis dolores vero dolores ea magnam ex iure. Voluptas dolorem magnam quae aliquam aut in maxime.','2023-03-17 16:27:27','2023-03-17 16:27:27',18,8),(4,'Autem ipsam exercitationem eius vitae commodi optio minus. Temporibus aperiam et veritatis et ut incidunt eaque. Hic eaque magni sequi velit.','2023-03-17 16:27:27','2023-03-17 16:27:27',20,37),(5,'Itaque ducimus minima libero sunt reiciendis aut occaecati. Quisquam mollitia sed excepturi architecto vel voluptatum neque. Aspernatur rem corporis dolorem voluptatibus nobis aut.','2023-03-17 16:27:27','2023-03-17 16:27:27',2,39),(6,'Similique necessitatibus sint est natus animi ipsam temporibus. Adipisci voluptatem consequatur similique quis dignissimos. Eligendi iste magni occaecati ullam deserunt ipsum aut.','2023-03-17 16:27:27','2023-03-17 16:27:27',16,24),(7,'Excepturi quae sunt dolorem quidem. Quibusdam et qui tenetur nostrum. Atque excepturi amet quia sequi illo maiores tempore deserunt. Voluptas nostrum molestias voluptates quas voluptatem excepturi numquam exercitationem.','2023-03-17 16:27:27','2023-03-17 16:27:27',11,31),(8,'Ea architecto autem ipsum. Molestias soluta incidunt aliquid qui. Consequatur quam accusamus soluta occaecati praesentium voluptatem optio. Pariatur id nulla omnis recusandae amet ad.','2023-03-17 16:27:27','2023-03-17 16:27:27',17,23),(9,'Voluptatem tempora sunt dolorum omnis et. Minus reiciendis animi ut. Dolorem voluptates sed velit. Deleniti molestiae iusto quaerat repellendus.','2023-03-17 16:27:27','2023-03-17 16:27:27',28,19),(10,'Rem illum eos modi perferendis. Et consectetur dolorum magni non. Mollitia fugiat placeat commodi expedita praesentium aut sed.','2023-03-17 16:27:27','2023-03-17 16:27:27',14,10),(11,'Voluptas voluptate aliquid omnis impedit doloribus quia. Tempora fugiat repellat mollitia velit voluptas. Accusantium sint saepe vel. Molestias blanditiis delectus omnis possimus est.','2023-03-17 16:27:27','2023-03-17 16:27:27',21,22),(12,'Odit officia et id praesentium qui nobis. Ab quo et similique blanditiis esse eos facilis doloribus. Nostrum autem tempora dolor quia voluptatum.','2023-03-17 16:27:27','2023-03-17 16:27:27',30,40),(13,'Alias est est rerum veritatis explicabo atque. Architecto laboriosam cumque dolorem eos. Natus nobis officia ratione iusto dicta molestiae. Consequatur sed asperiores consectetur eligendi voluptas nostrum.','2023-03-17 16:27:27','2023-03-17 16:27:27',13,48),(14,'Quis ut cum suscipit dolorem velit maiores. Aperiam harum molestiae harum id non. Debitis aperiam quo veniam ut consequatur expedita debitis autem. Architecto accusamus pariatur exercitationem amet ullam incidunt totam. Cumque perferendis error provident laborum necessitatibus.','2023-03-17 16:27:27','2023-03-17 16:27:27',13,2),(15,'Odit suscipit nihil suscipit quisquam atque iure cupiditate. Ipsa provident neque consectetur aut ut. Odio inventore eum eveniet est qui voluptatibus.','2023-03-17 16:27:27','2023-03-17 16:27:27',4,24),(16,'Expedita debitis et velit ullam. Possimus et hic dicta neque sit consequatur eos. Debitis iusto animi quas placeat necessitatibus sed. Odio tempore voluptatem laboriosam et enim esse quisquam.','2023-03-17 16:27:27','2023-03-17 16:27:27',15,34),(17,'Qui sed laboriosam dolorum sit delectus molestiae. Sit earum non quo. Qui cupiditate et vel nam labore aspernatur odit et. Ut corporis explicabo in aut fugiat sed.','2023-03-17 16:27:27','2023-03-17 16:27:27',25,45),(18,'Molestiae expedita distinctio eveniet eos laborum quis eveniet consequatur. Modi sed delectus quam quo. Labore nihil enim maiores dolorum nihil rem nisi. Qui consequatur voluptate ducimus at praesentium. Quia maxime repellendus qui eum illum asperiores magni.','2023-03-17 16:27:27','2023-03-17 16:27:27',14,23),(19,'Vero nulla nemo illo incidunt autem. Et est fuga libero mollitia. Accusamus commodi hic sit dolores quis ex ipsum. Minima dolorem exercitationem fuga placeat.','2023-03-17 16:27:27','2023-03-17 16:27:27',15,19),(20,'Molestiae cupiditate doloremque ut quaerat perspiciatis perferendis. Et saepe facere doloremque ea consequatur excepturi. Et aut voluptatem tempore eum quam atque id.','2023-03-17 16:27:27','2023-03-17 16:27:27',18,49),(21,'Omnis minima dolor sapiente accusamus veritatis. Ut eius dolores iste reiciendis. Suscipit in aut error amet.','2023-03-17 16:27:27','2023-03-17 16:27:27',7,38),(22,'Non nihil harum quia totam. Laudantium ut explicabo et quasi. Quasi sint similique ex minima quidem reprehenderit.','2023-03-17 16:27:27','2023-03-17 16:27:27',17,10),(23,'Ut nihil ratione at laborum. Est reprehenderit nam in quia ratione non. Aliquid enim saepe nostrum temporibus ex possimus sint. Quo sed voluptas voluptatem.','2023-03-17 16:27:27','2023-03-17 16:27:27',17,34),(24,'Esse sit et reiciendis architecto qui cumque. Recusandae sequi atque quia necessitatibus aspernatur quidem. Error pariatur dolor ipsum hic. Itaque facere libero autem alias laboriosam non.','2023-03-17 16:27:27','2023-03-17 16:27:27',10,29),(25,'Dolorem dolorem id totam. Error sunt accusamus expedita quia consequatur sit qui maxime.','2023-03-17 16:27:28','2023-03-17 16:27:28',25,5),(26,'Pariatur dignissimos et reprehenderit optio tenetur. Incidunt similique molestias tenetur autem. Quod nam ut architecto odio recusandae. Ut repellat aut quis dicta. Omnis maiores placeat rerum molestiae tenetur eaque.','2023-03-17 16:27:28','2023-03-17 16:27:28',4,27),(27,'Eos delectus voluptas nobis deserunt doloremque. Quod reiciendis enim enim voluptas. Provident itaque ut voluptatibus sed doloribus voluptatum. Sed unde voluptatum natus eligendi esse.','2023-03-17 16:27:28','2023-03-17 16:27:28',22,33),(28,'Atque iure voluptatem voluptatem commodi sit nesciunt et. Molestiae ut ut est facilis. Et aut sit molestias qui. Voluptatem beatae molestias nihil qui necessitatibus.','2023-03-17 16:27:28','2023-03-17 16:27:28',14,34),(29,'Ipsam doloremque at voluptatum quo vitae. Quos fugiat eius et reiciendis quia esse architecto ad. Et et quo et expedita.','2023-03-17 16:27:28','2023-03-17 16:27:28',19,22),(30,'Ullam repudiandae provident quis. Dolor et blanditiis sit vero quae. Quae ut voluptas nam quas asperiores qui.','2023-03-17 16:27:28','2023-03-17 16:27:28',19,19),(31,'Ut sit ab corporis cumque rerum est. Ipsa cumque voluptas consequatur blanditiis placeat qui laudantium voluptatum. Pariatur vitae harum sed.','2023-03-17 16:27:28','2023-03-17 16:27:28',14,27),(32,'Dolorem magni quibusdam eum et sed. Fugit tempora qui eos optio. Et quidem qui ut excepturi minima provident ratione.','2023-03-17 16:27:28','2023-03-17 16:27:28',25,34),(33,'Facere facilis ipsum ducimus commodi delectus saepe esse recusandae. Quod rerum vel vero quis iure rerum similique. Cupiditate consectetur non vel. Nihil repudiandae veritatis et aliquid sunt.','2023-03-17 16:27:28','2023-03-17 16:27:28',22,1),(34,'Similique nulla sed nihil voluptatem. Nam nihil quaerat exercitationem occaecati. Rerum perspiciatis nam quis eveniet doloremque nobis.','2023-03-17 16:27:28','2023-03-17 16:27:28',29,33),(35,'Et quos unde temporibus doloremque delectus. Vel nobis illo necessitatibus fuga. A non earum et laudantium. Praesentium consequatur dolor nam quis harum consequatur dolore.','2023-03-17 16:27:28','2023-03-17 16:27:28',8,18),(36,'Assumenda necessitatibus odit eius placeat doloremque. Suscipit molestiae voluptate facilis molestiae quaerat hic. Est suscipit pariatur quia aperiam aut dolorem. Quo id sit qui aut excepturi aspernatur tenetur.','2023-03-17 16:27:28','2023-03-17 16:27:28',4,7),(37,'Eum facilis sit iste est odit. Ut voluptatum rerum atque cum. Ut cupiditate ab saepe voluptas distinctio earum.','2023-03-17 16:27:28','2023-03-17 16:27:28',10,39),(38,'At dolor fuga corporis quibusdam officia nobis inventore doloribus. Soluta in autem ut ab itaque iusto sit totam. Voluptates dolor temporibus sit quia iste. Nesciunt praesentium in tempore commodi quos quae inventore.','2023-03-17 16:27:28','2023-03-17 16:27:28',15,45),(39,'Et sit corrupti ratione non sit cupiditate. Deserunt eos quod nesciunt blanditiis nostrum praesentium tempore. Ut vel ut nam molestiae. Voluptas non ea dolorum nostrum consectetur natus vel.','2023-03-17 16:27:28','2023-03-17 16:27:28',7,43),(40,'Assumenda aut quam pariatur et eligendi. Amet quis eum illum necessitatibus quia. Quam dolor omnis est sed et quia odit dolores. Quod dolor ipsa sunt est omnis tempore recusandae deserunt.','2023-03-17 16:27:28','2023-03-17 16:27:28',7,26),(41,'Aut et aspernatur sunt ducimus architecto quisquam ex. Sint nostrum sed aut porro. Ullam enim eligendi quis reiciendis dolore et. Vel quisquam voluptas nihil et vel impedit est.','2023-03-17 16:27:28','2023-03-17 16:27:28',30,19),(42,'Hic voluptatum quas rerum eligendi. Neque ut est a. Delectus quia nihil deserunt adipisci molestiae officia.','2023-03-17 16:27:28','2023-03-17 16:27:28',22,23),(43,'Dolorem enim reiciendis quis eaque. Facilis quibusdam nostrum sapiente sed. Officiis odio ducimus natus sunt soluta consequatur.','2023-03-17 16:27:28','2023-03-17 16:27:28',28,24),(44,'Iste repellat vitae ad ut reprehenderit vel. Cumque similique est magni perferendis rerum aspernatur. Voluptatum molestias dolorum labore voluptates cumque. Quaerat eligendi dolores error aliquid consectetur sint delectus.','2023-03-17 16:27:28','2023-03-17 16:27:28',28,17),(45,'Non aut expedita qui minima voluptatum autem occaecati. Et aut reprehenderit non odio.','2023-03-17 16:27:28','2023-03-17 16:27:28',2,26),(46,'Optio dolorem iusto nesciunt harum veritatis. Qui saepe architecto necessitatibus distinctio. Omnis magni aspernatur qui animi.','2023-03-17 16:27:28','2023-03-17 16:27:28',13,22),(47,'Nostrum molestiae autem quae consequatur a veniam aliquid. Facilis porro harum est animi. Quia ut velit consectetur sed quisquam consequuntur suscipit.','2023-03-17 16:27:28','2023-03-17 16:27:28',14,42),(48,'Est necessitatibus illum id commodi pariatur. Quisquam dolor animi qui. Facilis est et facere provident odio voluptatem sint.','2023-03-17 16:27:28','2023-03-17 16:27:28',22,2),(49,'Aliquid nobis in delectus. Voluptatibus illo qui qui saepe. Est perspiciatis quia atque architecto. In officiis similique error.','2023-03-17 16:27:28','2023-03-17 16:27:28',18,4),(50,'Molestiae nulla dolorem illo magnam. Dicta voluptatibus veritatis earum culpa facilis itaque incidunt. Dolor qui sint ea omnis et cumque.','2023-03-17 16:27:28','2023-03-17 16:27:28',23,10),(51,'Laboriosam aliquam odit occaecati illo consequatur sunt. Voluptatem blanditiis ab reprehenderit animi placeat molestiae. Optio dolore qui labore mollitia perspiciatis. Est et voluptatem velit dignissimos consequatur voluptas qui.','2023-03-17 16:27:28','2023-03-17 16:27:28',25,13),(52,'Animi optio culpa ut assumenda reiciendis est deleniti. Officia ut sunt nihil qui delectus. Nemo voluptas non tempora corporis.','2023-03-17 16:27:28','2023-03-17 16:27:28',13,26),(53,'Accusamus occaecati et dolorem iure. Eum rerum ut suscipit omnis. Iure ut sint est repellendus animi voluptatem quia. Dolor cum et sed aut distinctio architecto et.','2023-03-17 16:27:28','2023-03-17 16:27:28',9,23),(54,'Officia optio eius velit. Soluta voluptatum excepturi occaecati voluptatum tenetur necessitatibus minus. Consequatur asperiores illum mollitia quidem placeat. Illum ea temporibus qui id ipsam sed.','2023-03-17 16:27:28','2023-03-17 16:27:28',13,3),(55,'Dolor molestiae omnis commodi delectus. Eum est qui ad debitis consequatur. Possimus maxime facilis magnam voluptate rerum occaecati aperiam officia. Voluptas maxime voluptatum deserunt neque. Numquam odit voluptas id qui deserunt.','2023-03-17 16:27:28','2023-03-17 16:27:28',7,7),(56,'Et et esse enim. Maiores rem nisi libero odit. Ut ipsum necessitatibus velit et maxime. Atque nisi sapiente et eaque distinctio quidem.','2023-03-17 16:27:28','2023-03-17 16:27:28',3,10),(57,'Et amet consequuntur eum aperiam aliquid praesentium qui. Expedita sed fugit dicta doloremque a occaecati. Fugiat et et blanditiis vel sit mollitia quia.','2023-03-17 16:27:28','2023-03-17 16:27:28',11,38),(58,'Omnis neque non voluptas fugit. Et esse dignissimos eveniet et dolorum dolorem earum possimus.','2023-03-17 16:27:28','2023-03-17 16:27:28',2,34),(59,'Illum provident ipsam eum animi numquam explicabo. Ea facere laboriosam necessitatibus dolor ex dolores aut. Sint ratione reprehenderit quibusdam molestiae qui dolor corrupti. Hic nesciunt et maiores. Illum eveniet ut iste nam ea.','2023-03-17 16:27:28','2023-03-17 16:27:28',27,8),(60,'Cum dolor soluta eaque eos. Soluta velit laborum optio quo. Voluptates quos aliquid et eum ut. Itaque facere accusantium sed consectetur repellendus qui officia.','2023-03-17 16:27:28','2023-03-17 16:27:28',27,27),(61,'Modi occaecati velit rerum dolorem. Nobis et nesciunt aliquam quasi velit non. Esse excepturi provident quam blanditiis qui eos tempora. Numquam neque sit nam tenetur nihil facere modi.','2023-03-17 16:27:28','2023-03-17 16:27:28',19,40),(62,'Ipsum repellat voluptatibus ut temporibus et accusantium explicabo dicta. Soluta est blanditiis a error. Officia eum quo totam error rem quia quibusdam.','2023-03-17 16:27:28','2023-03-17 16:27:28',20,17),(63,'Sed repellendus saepe perferendis similique veniam aut. Dolor consectetur modi dolorem beatae id et delectus. Saepe dolorem optio qui doloremque ut quisquam commodi quas.','2023-03-17 16:27:28','2023-03-17 16:27:28',20,46),(64,'Voluptas voluptatum et autem veritatis quasi possimus officia qui. Sint tempore voluptatum ea est error adipisci. Possimus ad laboriosam dolores sed sed harum cupiditate praesentium.','2023-03-17 16:27:28','2023-03-17 16:27:28',9,37),(65,'Dolor maxime eos accusamus. Sit consequatur et veniam recusandae.','2023-03-17 16:27:28','2023-03-17 16:27:28',5,25),(66,'Quis laudantium officia ratione deserunt deserunt iste eligendi. Repudiandae eum laborum ut voluptatibus et et. Dignissimos voluptatem dicta quos asperiores.','2023-03-17 16:27:28','2023-03-17 16:27:28',8,46),(67,'Iure error quibusdam debitis voluptas. In laborum vel aut. Dolorem ut dignissimos incidunt illo impedit quo.','2023-03-17 16:27:28','2023-03-17 16:27:28',13,39),(68,'Id deleniti reprehenderit non saepe a cum quasi aut. Et dolores quas aut ut aut voluptatem magnam. Voluptatem autem ducimus perspiciatis corrupti consectetur earum beatae. Nostrum minus et nostrum quod.','2023-03-17 16:27:28','2023-03-17 16:27:28',8,29),(69,'Porro dolor est ut non ea. Doloremque cum magnam aut. Quod rem et accusamus possimus aut voluptatem.','2023-03-17 16:27:28','2023-03-17 16:27:28',27,37),(70,'Iusto quia quas voluptate incidunt architecto officia. Molestiae fuga quod id et eaque. Eos sed doloremque labore quod alias voluptatem. Voluptatem magni molestiae odio dolor illo maiores voluptas.','2023-03-17 16:27:28','2023-03-17 16:27:28',29,3),(71,'Accusamus voluptatem molestias ut ducimus. Nulla voluptate exercitationem ratione at. Provident nemo placeat aut dolorem deleniti sed.','2023-03-17 16:27:28','2023-03-17 16:27:28',21,18),(72,'Beatae et dolor molestias similique. Voluptates aut quae facilis hic. Suscipit magni beatae velit iusto dolore.','2023-03-17 16:27:28','2023-03-17 16:27:28',15,42),(73,'Nostrum consectetur occaecati voluptatibus. Et voluptas odio expedita ut minus. Tenetur distinctio amet repellendus ea. Assumenda ad ut dolorum omnis quas nemo quis inventore.','2023-03-17 16:27:28','2023-03-17 16:27:28',30,45),(74,'Possimus consequatur voluptas accusamus sed. Odit neque et cumque suscipit velit. Velit ea qui ea doloribus inventore fuga omnis.','2023-03-17 16:27:28','2023-03-17 16:27:28',25,4),(75,'Hic omnis occaecati voluptatibus impedit ex facilis autem. Iste ad adipisci aut corrupti suscipit consequatur illo. Consequatur nesciunt expedita eum reprehenderit qui omnis.','2023-03-17 16:27:28','2023-03-17 16:27:28',13,34),(76,'Voluptatem nesciunt rerum sequi maxime voluptate provident. Vitae ab inventore facilis soluta quia deserunt. Fugit dignissimos consectetur possimus ducimus veritatis sequi.','2023-03-17 16:27:28','2023-03-17 16:27:28',16,33),(77,'Vel occaecati libero doloremque quo nesciunt quod est. Ipsum rerum nesciunt ab ut id. Eius est sed est sunt eos tempore praesentium.','2023-03-17 16:27:28','2023-03-17 16:27:28',5,42),(78,'Iste commodi sit asperiores. Vitae rerum aut temporibus odio pariatur vel. Non asperiores nemo recusandae quos occaecati voluptatibus. Odit aliquam perferendis rem accusantium quia porro.','2023-03-17 16:27:28','2023-03-17 16:27:28',11,29),(79,'Ut atque debitis corporis quo sequi sunt et temporibus. Ipsam molestias est quibusdam nostrum aut tempora ad praesentium. Et cum sunt deleniti aspernatur perferendis consequatur. Enim aliquam sit provident est.','2023-03-17 16:27:28','2023-03-17 16:27:28',29,13),(80,'Velit ducimus eaque et ab odio deserunt aut. Commodi fugiat sed praesentium. Tenetur pariatur unde ut aspernatur. Natus possimus quod non inventore molestiae.','2023-03-17 16:27:28','2023-03-17 16:27:28',25,31),(81,'Officia eaque sapiente numquam aut voluptatem tenetur corrupti. Delectus ullam voluptatum pariatur quaerat. Doloremque omnis quis quae fugit. Dicta rerum perspiciatis fugit.','2023-03-17 16:27:28','2023-03-17 16:27:28',3,13),(82,'Atque id voluptatem sed autem. Reprehenderit ipsam rem quas dolores aut autem. Atque quam unde alias fugiat sit eveniet quis.','2023-03-17 16:27:28','2023-03-17 16:27:28',4,43),(83,'Pariatur vitae accusantium sapiente magnam impedit ex nesciunt. In optio nulla rerum nam quam rerum. Aut ad a dicta non quidem ea.','2023-03-17 16:27:28','2023-03-17 16:27:28',15,3),(84,'Voluptatem blanditiis reprehenderit non sint. Omnis omnis nemo mollitia in qui. Et error quia voluptatem explicabo.','2023-03-17 16:27:28','2023-03-17 16:27:28',6,17),(85,'Eaque unde cum ea quis repudiandae dolorum accusamus quibusdam. Distinctio qui ut perspiciatis debitis voluptatem facilis. Voluptatum maiores vel reiciendis deserunt.','2023-03-17 16:27:28','2023-03-17 16:27:28',20,34),(86,'Laudantium quos nulla quisquam molestiae et reprehenderit sunt. Beatae qui vitae voluptates illo qui fugit voluptatem officiis. Est explicabo odit fugit.','2023-03-17 16:27:28','2023-03-17 16:27:28',10,27),(87,'Deserunt dignissimos unde et et dignissimos. Dolor ut doloremque repellendus sed eaque et. Aperiam perferendis beatae possimus suscipit.','2023-03-17 16:27:28','2023-03-17 16:27:28',20,20),(88,'Qui velit provident reiciendis nobis exercitationem aliquam dolorem. At vel exercitationem neque explicabo odio et ex. Eius sint expedita aut molestiae. Quaerat autem illo porro dolorem et.','2023-03-17 16:27:28','2023-03-17 16:27:28',7,6),(89,'Nisi veniam officia quia accusamus alias non quis. Impedit est facere ad dicta dolorem. Fugit quasi iusto suscipit exercitationem veniam ut iusto.','2023-03-17 16:27:28','2023-03-17 16:27:28',10,23),(90,'Ea totam non quo sed voluptatum quibusdam. Sit vero animi saepe omnis sit.','2023-03-17 16:27:28','2023-03-17 16:27:28',4,3),(91,'Dolore asperiores voluptas voluptatem vero qui consequatur explicabo. Rem quibusdam voluptatem voluptatibus natus veritatis. Qui beatae et ut.','2023-03-17 16:27:28','2023-03-17 16:27:28',6,21),(92,'Cum et sed quasi. Odit quisquam cupiditate aspernatur rerum laboriosam. Natus beatae cumque ut. Dignissimos consequuntur recusandae quibusdam a maiores.','2023-03-17 16:27:28','2023-03-17 16:27:28',30,29),(93,'Voluptatem unde vel doloribus enim ut ut. Harum error ea distinctio laborum ipsam. Iste minima consequatur repellat vitae iste a.','2023-03-17 16:27:28','2023-03-17 16:27:28',12,6),(94,'Corporis et nobis aut quis voluptate est reiciendis iste. Et esse sunt rerum facilis sed et omnis. Architecto eius rerum aliquam. Hic ducimus aperiam voluptatem doloribus dolorem quod adipisci.','2023-03-17 16:27:28','2023-03-17 16:27:28',13,47),(95,'Animi fugit adipisci ut sit est. Quae rerum deserunt accusamus non atque voluptatem. Nemo non nihil enim.','2023-03-17 16:27:28','2023-03-17 16:27:28',20,43),(96,'Voluptatem sunt nostrum tempore quibusdam modi quo. Culpa quaerat mollitia nihil amet quibusdam fugiat consequatur. Repellendus minus ea odio deserunt quasi est sapiente et. Exercitationem quis modi unde et.','2023-03-17 16:27:28','2023-03-17 16:27:28',23,40),(97,'Molestias aut laboriosam repellendus dolores est blanditiis et. Quia odit quod rerum sit cumque nihil. Modi possimus necessitatibus sequi facilis minus quasi. Rerum quas dolorum non fugiat pariatur facilis.','2023-03-17 16:27:28','2023-03-17 16:27:28',17,35),(98,'Iusto asperiores dignissimos autem provident voluptatem sint in. Ab labore autem sequi optio aliquid est. Blanditiis quae qui placeat non magni expedita sed.','2023-03-17 16:27:28','2023-03-17 16:27:28',14,10),(99,'In pariatur expedita repellendus ab eum odit. Impedit maxime modi eaque debitis vitae tempora fugiat. Magni aut tempora delectus dolore enim et aliquam. Placeat ut nesciunt quidem eos quia possimus ipsam.','2023-03-17 16:27:28','2023-03-17 16:27:28',29,5),(100,'In perferendis explicabo voluptas velit ut. Voluptas libero eum error dolorem et. Animi assumenda eos aut quos rem eveniet at. Ad quasi rerum eaque.','2023-03-17 16:27:29','2023-03-17 16:27:29',19,25);
/*!40000 ALTER TABLE `comments` ENABLE KEYS */;
UNLOCK TABLES;

--
-- Table structure for table `failed_jobs`
--

DROP TABLE IF EXISTS `failed_jobs`;
/*!40101 SET @saved_cs_client     = @@character_set_client */;
/*!50503 SET character_set_client = utf8mb4 */;
CREATE TABLE `failed_jobs` (
  `id` bigint unsigned NOT NULL AUTO_INCREMENT,
  `uuid` varchar(255) COLLATE utf8mb4_unicode_ci NOT NULL,
  `connection` text COLLATE utf8mb4_unicode_ci NOT NULL,
  `queue` text COLLATE utf8mb4_unicode_ci NOT NULL,
  `payload` longtext COLLATE utf8mb4_unicode_ci NOT NULL,
  `exception` longtext COLLATE utf8mb4_unicode_ci NOT NULL,
  `failed_at` timestamp NOT NULL DEFAULT CURRENT_TIMESTAMP,
  PRIMARY KEY (`id`),
  UNIQUE KEY `failed_jobs_uuid_unique` (`uuid`)
) ENGINE=InnoDB DEFAULT CHARSET=utf8mb4 COLLATE=utf8mb4_unicode_ci;
/*!40101 SET character_set_client = @saved_cs_client */;

--
-- Dumping data for table `failed_jobs`
--

LOCK TABLES `failed_jobs` WRITE;
/*!40000 ALTER TABLE `failed_jobs` DISABLE KEYS */;
/*!40000 ALTER TABLE `failed_jobs` ENABLE KEYS */;
UNLOCK TABLES;

--
-- Table structure for table `migrations`
--

DROP TABLE IF EXISTS `migrations`;
/*!40101 SET @saved_cs_client     = @@character_set_client */;
/*!50503 SET character_set_client = utf8mb4 */;
CREATE TABLE `migrations` (
  `id` int unsigned NOT NULL AUTO_INCREMENT,
  `migration` varchar(255) COLLATE utf8mb4_unicode_ci NOT NULL,
  `batch` int NOT NULL,
  PRIMARY KEY (`id`)
) ENGINE=InnoDB AUTO_INCREMENT=7 DEFAULT CHARSET=utf8mb4 COLLATE=utf8mb4_unicode_ci;
/*!40101 SET character_set_client = @saved_cs_client */;

--
-- Dumping data for table `migrations`
--

LOCK TABLES `migrations` WRITE;
/*!40000 ALTER TABLE `migrations` DISABLE KEYS */;
INSERT INTO `migrations` VALUES (1,'2014_10_12_000000_create_users_table',1),(2,'2014_10_12_100000_create_password_reset_tokens_table',1),(3,'2019_08_19_000000_create_failed_jobs_table',1),(4,'2019_12_14_000001_create_personal_access_tokens_table',1),(5,'2023_03_17_210431_create_posts_table',1),(6,'2023_03_17_210456_create_comments_table',1);
/*!40000 ALTER TABLE `migrations` ENABLE KEYS */;
UNLOCK TABLES;

--
-- Table structure for table `password_reset_tokens`
--

DROP TABLE IF EXISTS `password_reset_tokens`;
/*!40101 SET @saved_cs_client     = @@character_set_client */;
/*!50503 SET character_set_client = utf8mb4 */;
CREATE TABLE `password_reset_tokens` (
  `email` varchar(255) COLLATE utf8mb4_unicode_ci NOT NULL,
  `token` varchar(255) COLLATE utf8mb4_unicode_ci NOT NULL,
  `created_at` timestamp NULL DEFAULT NULL,
  PRIMARY KEY (`email`)
) ENGINE=InnoDB DEFAULT CHARSET=utf8mb4 COLLATE=utf8mb4_unicode_ci;
/*!40101 SET character_set_client = @saved_cs_client */;

--
-- Dumping data for table `password_reset_tokens`
--

LOCK TABLES `password_reset_tokens` WRITE;
/*!40000 ALTER TABLE `password_reset_tokens` DISABLE KEYS */;
/*!40000 ALTER TABLE `password_reset_tokens` ENABLE KEYS */;
UNLOCK TABLES;

--
-- Table structure for table `personal_access_tokens`
--

DROP TABLE IF EXISTS `personal_access_tokens`;
/*!40101 SET @saved_cs_client     = @@character_set_client */;
/*!50503 SET character_set_client = utf8mb4 */;
CREATE TABLE `personal_access_tokens` (
  `id` bigint unsigned NOT NULL AUTO_INCREMENT,
  `tokenable_type` varchar(255) COLLATE utf8mb4_unicode_ci NOT NULL,
  `tokenable_id` bigint unsigned NOT NULL,
  `name` varchar(255) COLLATE utf8mb4_unicode_ci NOT NULL,
  `token` varchar(64) COLLATE utf8mb4_unicode_ci NOT NULL,
  `abilities` text COLLATE utf8mb4_unicode_ci,
  `last_used_at` timestamp NULL DEFAULT NULL,
  `expires_at` timestamp NULL DEFAULT NULL,
  `created_at` timestamp NULL DEFAULT NULL,
  `updated_at` timestamp NULL DEFAULT NULL,
  PRIMARY KEY (`id`),
  UNIQUE KEY `personal_access_tokens_token_unique` (`token`),
  KEY `personal_access_tokens_tokenable_type_tokenable_id_index` (`tokenable_type`,`tokenable_id`)
) ENGINE=InnoDB DEFAULT CHARSET=utf8mb4 COLLATE=utf8mb4_unicode_ci;
/*!40101 SET character_set_client = @saved_cs_client */;

--
-- Dumping data for table `personal_access_tokens`
--

LOCK TABLES `personal_access_tokens` WRITE;
/*!40000 ALTER TABLE `personal_access_tokens` DISABLE KEYS */;
/*!40000 ALTER TABLE `personal_access_tokens` ENABLE KEYS */;
UNLOCK TABLES;

--
-- Table structure for table `posts`
--

DROP TABLE IF EXISTS `posts`;
/*!40101 SET @saved_cs_client     = @@character_set_client */;
/*!50503 SET character_set_client = utf8mb4 */;
CREATE TABLE `posts` (
  `id` bigint unsigned NOT NULL AUTO_INCREMENT,
  `title` varchar(255) COLLATE utf8mb4_unicode_ci NOT NULL,
  `content` text COLLATE utf8mb4_unicode_ci NOT NULL,
  `created_at` timestamp NULL DEFAULT NULL,
  `updated_at` timestamp NULL DEFAULT NULL,
  `user_id` bigint unsigned NOT NULL,
  PRIMARY KEY (`id`),
  KEY `posts_title_index` (`title`),
  KEY `posts_user_id_index` (`user_id`),
  CONSTRAINT `posts_user_id_foreign` FOREIGN KEY (`user_id`) REFERENCES `users` (`id`) ON DELETE CASCADE
) ENGINE=InnoDB AUTO_INCREMENT=51 DEFAULT CHARSET=utf8mb4 COLLATE=utf8mb4_unicode_ci;
/*!40101 SET character_set_client = @saved_cs_client */;

--
-- Dumping data for table `posts`
--

LOCK TABLES `posts` WRITE;
/*!40000 ALTER TABLE `posts` DISABLE KEYS */;
INSERT INTO `posts` VALUES (1,'Cum fugiat nihil nemo.','Nam eveniet magni aliquid fugiat adipisci aspernatur. Dolorum voluptatum pariatur consectetur qui pariatur esse molestiae. Ea repudiandae libero mollitia animi animi officiis. Tempore reprehenderit commodi rerum alias architecto ad vitae ipsam.','2023-03-17 16:27:27','2023-03-17 16:27:27',4),(2,'Et expedita non nostrum qui et sunt.','Nostrum vitae nostrum quis rerum. Perspiciatis nemo aut assumenda cum qui. Perspiciatis ut quam numquam in molestiae suscipit ratione.','2023-03-17 16:27:27','2023-03-17 16:27:27',25),(3,'Aperiam odio enim adipisci autem sunt eligendi beatae.','Doloremque harum non quibusdam consequatur exercitationem nam quae non. Enim facilis qui mollitia in in. Architecto soluta nobis qui quaerat soluta. Ex velit qui voluptas rem repellendus. Facere aperiam recusandae itaque rem non.','2023-03-17 16:27:27','2023-03-17 16:27:27',22),(4,'Aut ut ipsam ipsam aut delectus.','Porro sint qui maiores velit. Est et dolor architecto ex. Repellat natus vel molestiae sit quia.','2023-03-17 16:27:27','2023-03-17 16:27:27',7),(5,'Incidunt tempore facere nihil aspernatur et reiciendis.','Repudiandae vel nam sit omnis esse recusandae. Nulla sed asperiores accusamus doloremque delectus ut aliquam facilis. Perspiciatis non similique dolores ab omnis quas qui facilis. Sunt neque perferendis earum porro quas recusandae magni.','2023-03-17 16:27:27','2023-03-17 16:27:27',6),(6,'Dolores asperiores placeat repellat dolorem repellendus quos possimus.','Quos tempore magni dolor. Laboriosam et voluptates dolorum fugit. Qui aperiam aperiam ipsa dolores esse eum.','2023-03-17 16:27:27','2023-03-17 16:27:27',24),(7,'Voluptatem vel ea facilis in voluptatem veniam minus.','Dolor cumque quas facilis neque. Harum laborum nisi ea iure quis. Corrupti aut eaque cumque soluta sit ea. Eligendi placeat cumque provident error error.','2023-03-17 16:27:27','2023-03-17 16:27:27',5),(8,'Quia in eos ipsum impedit quia tenetur quia.','Repellendus autem numquam qui quibusdam et. Voluptas dolor sapiente laborum recusandae laudantium aut dolor. Perferendis reprehenderit nobis voluptatum aut repellendus beatae placeat. Eum eaque consequatur aperiam maiores et.','2023-03-17 16:27:27','2023-03-17 16:27:27',22),(9,'Vel sed est facere reprehenderit aliquam.','Nisi magni voluptatem aliquid quis illo explicabo numquam nihil. Velit cumque hic facere itaque quia. Est consequuntur eos facere harum qui distinctio pariatur. Ad quia qui quidem mollitia error repudiandae voluptatem. Quod harum accusantium inventore possimus.','2023-03-17 16:27:27','2023-03-17 16:27:27',1),(10,'Quasi consequuntur et autem esse amet.','Qui debitis qui consequatur eum ut. Voluptates qui dicta quaerat quis. Velit aspernatur hic ut voluptatem in. Vel tempore quia velit atque soluta voluptatibus.','2023-03-17 16:27:27','2023-03-17 16:27:27',29),(11,'Totam necessitatibus possimus minima impedit nostrum animi id.','Eum porro consectetur fugiat sed. Totam ullam qui veritatis architecto optio. Eius natus nemo fugit corporis eaque est cum. Temporibus enim saepe doloremque laudantium accusamus ab animi.','2023-03-17 16:27:27','2023-03-17 16:27:27',29),(12,'Officia voluptas hic error ipsum.','Rerum qui magnam unde rem harum fuga. Quod nesciunt rem rerum non minima. Vero tempora nostrum molestiae dolorem illum atque voluptas.','2023-03-17 16:27:27','2023-03-17 16:27:27',30),(13,'Ducimus quia illum quos dolore.','Laboriosam repudiandae quisquam quisquam impedit consequatur. Quos nihil enim quas pariatur aut tempore itaque. Quia aspernatur odio fugit magni est unde.','2023-03-17 16:27:27','2023-03-17 16:27:27',1),(14,'Aspernatur commodi et sed autem incidunt ut quo.','Illo deleniti doloribus unde quia natus blanditiis. Nulla amet dolor eius voluptatem vitae. Sed mollitia quia sed aut numquam ut. Aut et nemo similique nulla in inventore distinctio.','2023-03-17 16:27:27','2023-03-17 16:27:27',12),(15,'Tempore qui voluptatem molestiae.','Veritatis aperiam eligendi eos perferendis expedita possimus. Vero iusto quia eaque quis molestiae veniam adipisci. Veritatis maiores et vel rerum quo facere qui possimus.','2023-03-17 16:27:27','2023-03-17 16:27:27',26),(16,'Veniam corporis aut at quasi quam vero nesciunt.','Mollitia vel tempore qui repellendus aut. Doloribus assumenda animi accusantium non blanditiis aut neque. Repellendus rem perferendis et quas a delectus laborum vel. Doloribus veritatis quia odit ut dolores harum laboriosam. Illo vel aspernatur dolor.','2023-03-17 16:27:27','2023-03-17 16:27:27',12),(17,'Ipsum et eos et labore et assumenda.','Earum voluptatem quis nobis eaque in a asperiores. Blanditiis ea ducimus aut. Qui nostrum quisquam suscipit et. Illum quam aliquid recusandae facilis ipsum.','2023-03-17 16:27:27','2023-03-17 16:27:27',22),(18,'Quia sit et ab labore.','Ratione rerum nihil eligendi vel rerum. Et beatae et quos incidunt ratione sit aperiam. Distinctio dolor aut non in quidem dolorem.','2023-03-17 16:27:27','2023-03-17 16:27:27',27),(19,'Sed impedit pariatur magni voluptate ea itaque ea mollitia.','Eaque mollitia sit quaerat quia consequatur. Expedita est qui vel. Provident dolorem rem expedita eos autem possimus quia. Ab iusto vel quis veritatis voluptatem.','2023-03-17 16:27:27','2023-03-17 16:27:27',28),(20,'Asperiores repellendus quia quo ut assumenda omnis explicabo.','Dolor quos delectus temporibus possimus ut. Qui voluptatibus et distinctio saepe debitis et. Unde qui iure eligendi.','2023-03-17 16:27:27','2023-03-17 16:27:27',24),(21,'Ad consequatur quos quo qui ullam repudiandae.','Minus nostrum vitae voluptas esse. Quas quisquam quo dolorum adipisci natus quia. Consequatur voluptatem repellendus tenetur sunt est facere ducimus.','2023-03-17 16:27:27','2023-03-17 16:27:27',27),(22,'Suscipit est minus vel sit et.','Sed non dolorem autem voluptatem sunt. Et et aliquam rem sapiente est quam incidunt enim. Tempore iste provident quis. Quos aliquam unde quam exercitationem.','2023-03-17 16:27:27','2023-03-17 16:27:27',18),(23,'Assumenda repellendus incidunt nulla sit similique adipisci debitis.','Dolor quia sit a. Ex vitae quis et ab consequatur. Eos esse ratione neque modi beatae molestias.','2023-03-17 16:27:27','2023-03-17 16:27:27',3),(24,'Assumenda sit voluptatum eius sunt ut qui.','Aliquam laudantium provident et non impedit. Voluptate ab ipsum qui. Consequatur et veritatis est eveniet accusantium accusamus. Est quos sit rem vel dolor.','2023-03-17 16:27:27','2023-03-17 16:27:27',2),(25,'Sequi qui aut quia est sed optio consequatur.','Molestias ipsa qui exercitationem ullam beatae et beatae. Veniam provident quis molestiae qui iste autem et. Inventore quisquam provident sed modi.','2023-03-17 16:27:27','2023-03-17 16:27:27',1),(26,'Ullam omnis ad exercitationem asperiores.','Perferendis alias et ipsa rerum. Fugiat ea et modi quis. Provident omnis ut beatae sit quas nihil inventore.','2023-03-17 16:27:27','2023-03-17 16:27:27',5),(27,'Rerum omnis voluptatum a temporibus eum enim.','Cumque consequatur libero eos earum sint nesciunt tempore. Facere non et rerum sed et nihil ab reprehenderit. Similique sunt adipisci et doloremque.','2023-03-17 16:27:27','2023-03-17 16:27:27',18),(28,'Modi ea et maiores deserunt.','Aut eveniet voluptatibus quia voluptatibus sit. Tempore quas consequatur nobis alias ut architecto. Provident sint illum at consequatur corrupti. Et necessitatibus possimus et placeat animi.','2023-03-17 16:27:27','2023-03-17 16:27:27',20),(29,'Culpa amet nam est exercitationem pariatur.','Sit nihil quaerat occaecati quis repellendus alias eveniet. Nulla fugiat ab voluptates repellendus totam in. Voluptatem nihil voluptas tempora illum porro quia.','2023-03-17 16:27:27','2023-03-17 16:27:27',30),(30,'Aut labore dolorum dignissimos quam alias.','Odio enim perferendis voluptas magnam aut vel. Saepe voluptatem numquam ut. Aspernatur soluta quia quidem quia.','2023-03-17 16:27:27','2023-03-17 16:27:27',1),(31,'Voluptatem aliquam libero voluptatem minima enim tempore in.','Ad aspernatur dolorem voluptates ea ullam. Soluta modi nemo voluptatum repellat sunt eos labore ut. Incidunt non et vel itaque vel rerum quis. Consequuntur vel quam inventore ab deleniti autem.','2023-03-17 16:27:27','2023-03-17 16:27:27',24),(32,'Magnam dolor eius ex soluta rerum ducimus quod.','Eos id quia nihil accusantium quaerat doloribus est. Totam aliquid voluptatem cupiditate consequuntur perferendis consequuntur harum. Impedit mollitia eius dolores omnis non itaque voluptatibus. Natus rerum quidem aut ad.','2023-03-17 16:27:27','2023-03-17 16:27:27',14),(33,'Consectetur nihil est consequatur dignissimos assumenda est.','Odio placeat sed qui velit. Porro doloremque et rerum nisi iusto eligendi aut. Porro error voluptatem illo dignissimos aut. Adipisci ea nesciunt non.','2023-03-17 16:27:27','2023-03-17 16:27:27',14),(34,'Nemo labore ab rerum aperiam consequatur sed id.','Vitae animi et tempora voluptatem omnis laborum placeat. Nostrum et dolores velit est velit ut id. Accusamus possimus corporis eveniet laborum nisi repellat in. Nulla et ab et pariatur nulla autem nihil.','2023-03-17 16:27:27','2023-03-17 16:27:27',30),(35,'Vel numquam non sed dolore qui.','Odio quisquam consequatur consequatur voluptas. Aut natus aut possimus delectus expedita. Ducimus rem quis natus suscipit delectus. Tenetur illo voluptatum et aut.','2023-03-17 16:27:27','2023-03-17 16:27:27',5),(36,'Voluptate quibusdam natus ipsam qui ullam.','Id consequatur deleniti molestiae sint earum. Tempora corporis distinctio ea et id reprehenderit.','2023-03-17 16:27:27','2023-03-17 16:27:27',8),(37,'Enim sunt qui molestias beatae deserunt numquam ea dolorem.','Ab suscipit eum autem quisquam aspernatur aliquid error. Recusandae temporibus illum repudiandae minus. Non id voluptas ipsam.','2023-03-17 16:27:27','2023-03-17 16:27:27',4),(38,'Neque earum quam ducimus excepturi placeat.','Commodi et quisquam fuga libero modi quos repellat voluptatem. Aut repudiandae facilis tempore dolorem et quis. Impedit non at quibusdam voluptatem provident quisquam. Veritatis in omnis ea voluptas dignissimos eaque eaque.','2023-03-17 16:27:27','2023-03-17 16:27:27',27),(39,'Et accusantium aut et corporis qui.','Expedita debitis enim ut voluptatum. Hic laudantium dolores odio molestiae quia molestiae. Et tempora commodi corrupti dolorum nulla dignissimos earum.','2023-03-17 16:27:27','2023-03-17 16:27:27',5),(40,'Vero autem et blanditiis alias et quia voluptatum.','Iusto laborum voluptas illo dolores natus eum. Deleniti quo et sunt beatae.','2023-03-17 16:27:27','2023-03-17 16:27:27',7),(41,'Et error voluptatem fugiat laborum est omnis quis.','Asperiores et rerum inventore dignissimos et eum. Quam recusandae ducimus aut voluptatum enim nam. Reiciendis consequatur ut ratione qui accusantium necessitatibus. Esse et laboriosam sapiente animi nemo inventore.','2023-03-17 16:27:27','2023-03-17 16:27:27',10),(42,'Sunt non accusantium temporibus consequatur dignissimos totam quo voluptates.','Sapiente nulla atque unde delectus quibusdam dolorem sit. Ipsum est facere quis ut voluptas dolorem et. Delectus soluta nisi aut quis.','2023-03-17 16:27:27','2023-03-17 16:27:27',5),(43,'Delectus magnam voluptas incidunt ut autem mollitia.','Eos quasi et in ab reprehenderit et. Quidem ut voluptatem modi voluptas et saepe in. Voluptatum consequatur enim sed sed nihil.','2023-03-17 16:27:27','2023-03-17 16:27:27',14),(44,'Qui voluptas in tempora cumque totam eum ducimus aperiam.','Officia voluptatem debitis sed voluptates et impedit. Vel reprehenderit nobis velit aperiam. Et dolor veniam atque similique.','2023-03-17 16:27:27','2023-03-17 16:27:27',24),(45,'Laboriosam et quis sint nam qui natus aut sit.','Rerum magni eum totam neque veritatis labore veritatis eius. Reprehenderit non non sed beatae laborum.','2023-03-17 16:27:27','2023-03-17 16:27:27',29),(46,'Ut fugit itaque rem quas eaque at pariatur.','Voluptatem voluptas nobis assumenda. Dolore nisi voluptatem modi et autem aut voluptas. Sit et sit sed non enim assumenda.','2023-03-17 16:27:27','2023-03-17 16:27:27',26),(47,'Ipsa qui reprehenderit temporibus eveniet et.','Distinctio magni quae est non natus officia non. Quos id illo doloribus et. Sed accusamus sint eaque optio et nulla dolores. Rem mollitia accusamus et repellat sit aspernatur ipsa.','2023-03-17 16:27:27','2023-03-17 16:27:27',4),(48,'Voluptas tenetur est quaerat.','Quos aliquam accusantium temporibus. Dolore numquam nesciunt labore voluptates suscipit officiis. Rerum quaerat officia ut aut qui fugit. Ut eos ullam laborum quia ab.','2023-03-17 16:27:27','2023-03-17 16:27:27',17),(49,'Illo ea voluptatem reiciendis odio vel id.','Veniam quia et ratione repellat temporibus. Enim ut quod quas molestiae natus cumque non voluptas. Voluptas excepturi ab tenetur nulla. Rem qui voluptatum aut autem repellendus. Voluptatibus aut incidunt dolorum qui enim fuga tempora.','2023-03-17 16:27:27','2023-03-17 16:27:27',7),(50,'Ut voluptatem aut sint sed sed vitae est.','Maiores dicta et delectus rerum. Aspernatur atque ullam maiores ut excepturi quaerat officia. Quaerat molestiae totam modi itaque repellendus cupiditate minima. Saepe dolorem laborum molestiae pariatur vel sequi voluptas qui.','2023-03-17 16:27:27','2023-03-17 16:27:27',18);
/*!40000 ALTER TABLE `posts` ENABLE KEYS */;
UNLOCK TABLES;

--
-- Table structure for table `users`
--

DROP TABLE IF EXISTS `users`;
/*!40101 SET @saved_cs_client     = @@character_set_client */;
/*!50503 SET character_set_client = utf8mb4 */;
CREATE TABLE `users` (
  `id` bigint unsigned NOT NULL AUTO_INCREMENT,
  `name` varchar(255) COLLATE utf8mb4_unicode_ci NOT NULL,
  `email` varchar(255) COLLATE utf8mb4_unicode_ci NOT NULL,
  `email_verified_at` timestamp NULL DEFAULT NULL,
  `password` varchar(255) COLLATE utf8mb4_unicode_ci NOT NULL,
  `remember_token` varchar(100) COLLATE utf8mb4_unicode_ci DEFAULT NULL,
  `created_at` timestamp NULL DEFAULT NULL,
  `updated_at` timestamp NULL DEFAULT NULL,
  PRIMARY KEY (`id`),
  UNIQUE KEY `users_email_unique` (`email`),
  KEY `users_id_index` (`id`),
  KEY `users_name_index` (`name`)
) ENGINE=InnoDB AUTO_INCREMENT=31 DEFAULT CHARSET=utf8mb4 COLLATE=utf8mb4_unicode_ci;
/*!40101 SET character_set_client = @saved_cs_client */;

--
-- Dumping data for table `users`
--

LOCK TABLES `users` WRITE;
/*!40000 ALTER TABLE `users` DISABLE KEYS */;
INSERT INTO `users` VALUES (1,'Dessie Quigley','constantin45@example.org','2023-03-17 16:27:26','$2y$10$92IXUNpkjO0rOQ5byMi.Ye4oKoEa3Ro9llC/.og/at2.uheWG/igi','FdSnTYbR9J','2023-03-17 16:27:26','2023-03-17 16:27:26'),(2,'Jammie Adams','heather.ebert@example.net','2023-03-17 16:27:26','$2y$10$92IXUNpkjO0rOQ5byMi.Ye4oKoEa3Ro9llC/.og/at2.uheWG/igi','fyMzslsTIS','2023-03-17 16:27:26','2023-03-17 16:27:26'),(3,'Dr. Wyman Ebert','harold.stamm@example.org','2023-03-17 16:27:26','$2y$10$92IXUNpkjO0rOQ5byMi.Ye4oKoEa3Ro9llC/.og/at2.uheWG/igi','HAhVJMUjJ8','2023-03-17 16:27:26','2023-03-17 16:27:26'),(4,'Mr. Gonzalo Heller','teresa.dickinson@example.net','2023-03-17 16:27:26','$2y$10$92IXUNpkjO0rOQ5byMi.Ye4oKoEa3Ro9llC/.og/at2.uheWG/igi','ji3un6YVnM','2023-03-17 16:27:26','2023-03-17 16:27:26'),(5,'Felicity Johnston III','kessler.cleo@example.net','2023-03-17 16:27:26','$2y$10$92IXUNpkjO0rOQ5byMi.Ye4oKoEa3Ro9llC/.og/at2.uheWG/igi','Q6730qr1ED','2023-03-17 16:27:26','2023-03-17 16:27:26'),(6,'Mr. Ezekiel Hoeger','aron.reichert@example.com','2023-03-17 16:27:26','$2y$10$92IXUNpkjO0rOQ5byMi.Ye4oKoEa3Ro9llC/.og/at2.uheWG/igi','8Z0vdFbgum','2023-03-17 16:27:26','2023-03-17 16:27:26'),(7,'Dr. Dorthy Spencer V','fay.jamey@example.org','2023-03-17 16:27:26','$2y$10$92IXUNpkjO0rOQ5byMi.Ye4oKoEa3Ro9llC/.og/at2.uheWG/igi','R5ZiJX3ZcA','2023-03-17 16:27:26','2023-03-17 16:27:26'),(8,'Thora Bauch','kendra.weber@example.org','2023-03-17 16:27:26','$2y$10$92IXUNpkjO0rOQ5byMi.Ye4oKoEa3Ro9llC/.og/at2.uheWG/igi','3ndbw2GCl4','2023-03-17 16:27:26','2023-03-17 16:27:26'),(9,'Bailey Gleichner','lucie53@example.com','2023-03-17 16:27:26','$2y$10$92IXUNpkjO0rOQ5byMi.Ye4oKoEa3Ro9llC/.og/at2.uheWG/igi','wc3G9telGn','2023-03-17 16:27:26','2023-03-17 16:27:26'),(10,'Roslyn Hoppe','barton.macy@example.net','2023-03-17 16:27:26','$2y$10$92IXUNpkjO0rOQ5byMi.Ye4oKoEa3Ro9llC/.og/at2.uheWG/igi','Es7taYOqSQ','2023-03-17 16:27:26','2023-03-17 16:27:26'),(11,'Dr. Chris Morar','hal.mertz@example.com','2023-03-17 16:27:26','$2y$10$92IXUNpkjO0rOQ5byMi.Ye4oKoEa3Ro9llC/.og/at2.uheWG/igi','d5WrrLS2mb','2023-03-17 16:27:26','2023-03-17 16:27:26'),(12,'Dr. Amy Schneider MD','rowe.makenzie@example.com','2023-03-17 16:27:26','$2y$10$92IXUNpkjO0rOQ5byMi.Ye4oKoEa3Ro9llC/.og/at2.uheWG/igi','03FEaI6sIt','2023-03-17 16:27:26','2023-03-17 16:27:26'),(13,'Barry Greenfelder','tconsidine@example.com','2023-03-17 16:27:26','$2y$10$92IXUNpkjO0rOQ5byMi.Ye4oKoEa3Ro9llC/.og/at2.uheWG/igi','VMYbvUKgjn','2023-03-17 16:27:26','2023-03-17 16:27:26'),(14,'Chanel Hermiston','savion40@example.com','2023-03-17 16:27:26','$2y$10$92IXUNpkjO0rOQ5byMi.Ye4oKoEa3Ro9llC/.og/at2.uheWG/igi','Mz5MBm2GdN','2023-03-17 16:27:26','2023-03-17 16:27:26'),(15,'Mr. Reymundo Witting','tierra99@example.org','2023-03-17 16:27:26','$2y$10$92IXUNpkjO0rOQ5byMi.Ye4oKoEa3Ro9llC/.og/at2.uheWG/igi','vM1lGl115b','2023-03-17 16:27:26','2023-03-17 16:27:26'),(16,'Mr. Roderick Hauck','louie.koepp@example.net','2023-03-17 16:27:26','$2y$10$92IXUNpkjO0rOQ5byMi.Ye4oKoEa3Ro9llC/.og/at2.uheWG/igi','qLdMUgCkGf','2023-03-17 16:27:26','2023-03-17 16:27:26'),(17,'Gust Mueller','era.smith@example.net','2023-03-17 16:27:26','$2y$10$92IXUNpkjO0rOQ5byMi.Ye4oKoEa3Ro9llC/.og/at2.uheWG/igi','gz6LclFixS','2023-03-17 16:27:26','2023-03-17 16:27:26'),(18,'Mr. Omari Tremblay','brendan.hansen@example.net','2023-03-17 16:27:26','$2y$10$92IXUNpkjO0rOQ5byMi.Ye4oKoEa3Ro9llC/.og/at2.uheWG/igi','9q1Gn7Dugj','2023-03-17 16:27:26','2023-03-17 16:27:26'),(19,'Carrie Berge','beier.manley@example.net','2023-03-17 16:27:26','$2y$10$92IXUNpkjO0rOQ5byMi.Ye4oKoEa3Ro9llC/.og/at2.uheWG/igi','ujhhbibHjm','2023-03-17 16:27:26','2023-03-17 16:27:26'),(20,'Prof. Nathen Hermiston DVM','obailey@example.org','2023-03-17 16:27:26','$2y$10$92IXUNpkjO0rOQ5byMi.Ye4oKoEa3Ro9llC/.og/at2.uheWG/igi','vKy8LyX0Jo','2023-03-17 16:27:26','2023-03-17 16:27:26'),(21,'Maegan Hilpert','barry.russel@example.org','2023-03-17 16:27:26','$2y$10$92IXUNpkjO0rOQ5byMi.Ye4oKoEa3Ro9llC/.og/at2.uheWG/igi','lpdb9kWKte','2023-03-17 16:27:26','2023-03-17 16:27:26'),(22,'Winona Stoltenberg','ngoodwin@example.net','2023-03-17 16:27:26','$2y$10$92IXUNpkjO0rOQ5byMi.Ye4oKoEa3Ro9llC/.og/at2.uheWG/igi','oZvaNeOUSG','2023-03-17 16:27:26','2023-03-17 16:27:26'),(23,'Mr. Pablo Shanahan','lbrekke@example.com','2023-03-17 16:27:26','$2y$10$92IXUNpkjO0rOQ5byMi.Ye4oKoEa3Ro9llC/.og/at2.uheWG/igi','1nMeU4SCWB','2023-03-17 16:27:26','2023-03-17 16:27:26'),(24,'Dr. Moises Crist I','nryan@example.net','2023-03-17 16:27:26','$2y$10$92IXUNpkjO0rOQ5byMi.Ye4oKoEa3Ro9llC/.og/at2.uheWG/igi','zOAU2WC7lR','2023-03-17 16:27:26','2023-03-17 16:27:26'),(25,'Celia Stanton DDS','kilback.camylle@example.com','2023-03-17 16:27:26','$2y$10$92IXUNpkjO0rOQ5byMi.Ye4oKoEa3Ro9llC/.og/at2.uheWG/igi','EtC5Jar0oP','2023-03-17 16:27:26','2023-03-17 16:27:26'),(26,'Arielle Berge IV','jenkins.skye@example.org','2023-03-17 16:27:26','$2y$10$92IXUNpkjO0rOQ5byMi.Ye4oKoEa3Ro9llC/.og/at2.uheWG/igi','k4GRQvPC0S','2023-03-17 16:27:26','2023-03-17 16:27:26'),(27,'Dax Kreiger','dallin87@example.net','2023-03-17 16:27:26','$2y$10$92IXUNpkjO0rOQ5byMi.Ye4oKoEa3Ro9llC/.og/at2.uheWG/igi','GBD6rhrrTQ','2023-03-17 16:27:26','2023-03-17 16:27:26'),(28,'Prof. Maverick Steuber IV','neha.lakin@example.com','2023-03-17 16:27:26','$2y$10$92IXUNpkjO0rOQ5byMi.Ye4oKoEa3Ro9llC/.og/at2.uheWG/igi','GywavZyH3Y','2023-03-17 16:27:26','2023-03-17 16:27:26'),(29,'Jed Beahan','ward.korey@example.com','2023-03-17 16:27:26','$2y$10$92IXUNpkjO0rOQ5byMi.Ye4oKoEa3Ro9llC/.og/at2.uheWG/igi','fzl5huv8Tx','2023-03-17 16:27:26','2023-03-17 16:27:26'),(30,'Emelia Zemlak DVM','fredrick.ziemann@example.com','2023-03-17 16:27:26','$2y$10$92IXUNpkjO0rOQ5byMi.Ye4oKoEa3Ro9llC/.og/at2.uheWG/igi','rMYvIczTDX','2023-03-17 16:27:26','2023-03-17 16:27:26');
/*!40000 ALTER TABLE `users` ENABLE KEYS */;
UNLOCK TABLES;
/*!40103 SET TIME_ZONE=@OLD_TIME_ZONE */;

/*!40101 SET SQL_MODE=@OLD_SQL_MODE */;
/*!40014 SET FOREIGN_KEY_CHECKS=@OLD_FOREIGN_KEY_CHECKS */;
/*!40014 SET UNIQUE_CHECKS=@OLD_UNIQUE_CHECKS */;
/*!40101 SET CHARACTER_SET_CLIENT=@OLD_CHARACTER_SET_CLIENT */;
/*!40101 SET CHARACTER_SET_RESULTS=@OLD_CHARACTER_SET_RESULTS */;
/*!40101 SET COLLATION_CONNECTION=@OLD_COLLATION_CONNECTION */;
/*!40111 SET SQL_NOTES=@OLD_SQL_NOTES */;

-- Dump completed on 2023-03-18  6:30:32
